,gmid10_id,gmid15_id,gmid10_vgs,gmid15_vgs,gmid10_vth,gmid15_vth,gmid10_vdsat,gmid15_vdsat,gmid10_rds,gmid15_rds,gmid10_gmrds,gmid15_gmrds,gmid10_gmrds_db,gmid15_gmrds_db,name,type,time,OK
0,160.4117,59.48518,842.2994,750.7589999999999,661.2193,661.2183,151.6387,103.1174,0.052995219999999996,0.13235249999999998,71.19507,76.82345,37.02857,37.70821,dc_SchGtKttTtVt,Sch,Wed May 31 21:27:56 2023,True
