,gmid10_id,gmid15_id,gmid10_vgs,gmid15_vgs,gmid10_vth,gmid15_vth,gmid10_vdsat,gmid15_vdsat,gmid10_rds,gmid15_rds,gmid10_gmrds,gmid15_gmrds,gmid10_gmrds_db,gmid15_gmrds_db,name,type,time,OK
0,1.8634030000000001,0.3973576,-1117.1979999999999,-993.0399,961.4323,961.4322,182.4377,99.17861,66.07077,283.219,1103.384,1441.243,60.79407,63.17412,dc_SchGtKttTtVt,Sch,Wed May 31 20:56:28 2023,True
