,gmid10_id,gmid15_id,gmid10_vgs,gmid15_vgs,gmid10_vth,gmid15_vth,gmid10_vdsat,gmid15_vdsat,gmid10_rds,gmid15_rds,gmid10_gmrds,gmid15_gmrds,gmid10_gmrds_db,gmid15_gmrds_db,name,type,time,OK
0,65.57279,22.8157,796.1591,706.9191999999999,624.5174999999999,624.5172,160.3466,104.3468,0.3160146,0.7154012,198.1432,222.1033,45.93686,46.9267,dc_SchGtKttTtVt,Sch,Wed May 31 21:29:07 2023,True
