,gmid10_id,gmid15_id,gmid10_vgs,gmid15_vgs,gmid10_vth,gmid15_vth,gmid10_vdsat,gmid15_vdsat,gmid10_rds,gmid15_rds,gmid10_gmrds,gmid15_gmrds,gmid10_gmrds_db,gmid15_gmrds_db,name,type,time,OK
0,17.181559999999998,1.9423489999999999,-1015.4380000000001,-832.0435,879.6247999999999,879.6243999999999,175.3883,74.1971,0.3701058,2.863743,58.01227,55.13171,35.26231,34.81469,dc_SchGtKttTtVt,Sch,Wed May 31 20:59:48 2023,True
