,gmid10_id,gmid15_id,gmid10_vgs,gmid15_vgs,gmid10_vth,gmid15_vth,gmid10_vdsat,gmid15_vdsat,gmid10_rds,gmid15_rds,gmid10_gmrds,gmid15_gmrds,gmid10_gmrds_db,gmid15_gmrds_db,name,type,time,OK
0,245.8125,93.76299,836.6299,747.1441,657.0610999999999,657.0602,148.97560000000001,102.4184,0.03246057,0.0792978,67.77701,73.33328,36.60019,37.30317,dc_SchGtKttTtVt,Sch,Wed May 31 21:33:39 2023,True
