,gmid10_id,gmid15_id,gmid10_vgs,gmid15_vgs,gmid10_vth,gmid15_vth,gmid10_vdsat,gmid15_vdsat,gmid10_rds,gmid15_rds,gmid10_gmrds,gmid15_gmrds,gmid10_gmrds_db,gmid15_gmrds_db,name,type,time,OK
0,274.1797,103.7097,828.9182000000001,738.8221000000001,653.4324,653.4307,143.7106,98.03183,0.01896436,0.04490324,45.37115,47.72262,33.12308,33.57366,dc_SchGtKttTtVt,Sch,Tue Apr  2 20:59:20 2024,True
