,gmid10_id,gmid15_id,gmid10_vgs,gmid15_vgs,gmid10_vth,gmid15_vth,gmid10_vdsat,gmid15_vdsat,gmid10_rds,gmid15_rds,gmid10_gmrds,gmid15_gmrds,gmid10_gmrds_db,gmid15_gmrds_db,name,type,time,OK
0,2.1330530000000003,0.5085326,-1192.232,-1066.031,1037.582,1037.582,167.3128,91.36112,126.8003,577.5559,2479.256,2865.559,67.87493,69.13797,dc_SchGtKttTtVt,Sch,Wed May 31 21:09:51 2023,True
