,gmid10_id,gmid15_id,gmid10_vgs,gmid15_vgs,gmid10_vth,gmid15_vth,gmid10_vdsat,gmid15_vdsat,gmid10_rds,gmid15_rds,gmid10_gmrds,gmid15_gmrds,gmid10_gmrds_db,gmid15_gmrds_db,name,type,time,OK
0,80.77138000000001,28.16903,827.893,731.9762,666.2595,666.1473,144.1311,95.33972,0.07895753,0.1931236,55.78062,57.98297,34.92154,35.26569,dc_SchGtKttTtVt,Sch,Tue Apr  2 20:56:37 2024,True
