,gmid10_id,gmid15_id,gmid10_vgs,gmid15_vgs,gmid10_vth,gmid15_vth,gmid10_vdsat,gmid15_vdsat,gmid10_rds,gmid15_rds,gmid10_gmrds,gmid15_gmrds,gmid10_gmrds_db,gmid15_gmrds_db,name,type,time,OK
0,36.37988,4.163249,-1034.5059999999999,-854.3089,895.7963,895.796,174.7604,75.26064000000001,0.1747536,1.338229,53.82027,52.21771,34.61044,34.34389,dc_SchGtKttTtVt,Sch,Wed May 31 21:05:24 2023,True
