,gmid10_id,gmid15_id,gmid10_vgs,gmid15_vgs,gmid10_vth,gmid15_vth,gmid10_vdsat,gmid15_vdsat,gmid10_rds,gmid15_rds,gmid10_gmrds,gmid15_gmrds,gmid10_gmrds_db,gmid15_gmrds_db,name,type,time,OK
0,9.750411000000001,3.746638,738.8278,650.0418,537.9915,537.9914,180.6652,116.28779999999999,4.017847,8.815145,331.9514,333.9762,50.4111,50.46975,dc_SchGtKttTtVt,Sch,Wed May 31 21:32:32 2023,True
