,gmid10_id,gmid15_id,gmid10_vgs,gmid15_vgs,gmid10_vth,gmid15_vth,gmid10_vdsat,gmid15_vdsat,gmid10_rds,gmid15_rds,gmid10_gmrds,gmid15_gmrds,gmid10_gmrds_db,gmid15_gmrds_db,name,type,time,OK
0,7.5572539999999995,0.4108966,-958.2,-724.9042999999999,841.6270999999999,841.6269,156.3603,56.476940000000006,0.7005795,9.573934,43.37443,40.36953,32.74143,32.11767,dc_SchGtKttTtVt,Sch,Wed May 31 20:56:07 2023,True
