,gmid10_id,gmid15_id,gmid10_vgs,gmid15_vgs,gmid10_vth,gmid15_vth,gmid10_vdsat,gmid15_vdsat,gmid10_rds,gmid15_rds,gmid10_gmrds,gmid15_gmrds,gmid10_gmrds_db,gmid15_gmrds_db,name,type,time,OK
0,55.4224,5.596617,-1041.2330000000002,-851.6831000000001,906.8075,906.8072000000001,169.1878,70.26929,0.11257829999999999,0.9416016999999999,51.95943,49.36444,34.30668,33.85639,dc_SchGtKttTtVt,Sch,Wed May 31 21:11:01 2023,True
