,gmid10_id,gmid15_id,gmid10_vgs,gmid15_vgs,gmid10_vth,gmid15_vth,gmid10_vdsat,gmid15_vdsat,gmid10_rds,gmid15_rds,gmid10_gmrds,gmid15_gmrds,gmid10_gmrds_db,gmid15_gmrds_db,name,type,time,OK
0,4.901579,1.234446,-1199.2169999999999,-1080.451,1043.998,1043.998,167.2376,93.86637999999999,30.60796,131.9424,1484.753,1759.577,63.43181,64.90296,dc_SchGtKttTtVt,Sch,Wed May 31 21:14:18 2023,True
