,gmid10_id,gmid15_id,gmid10_vgs,gmid15_vgs,gmid10_vth,gmid15_vth,gmid10_vdsat,gmid15_vdsat,gmid10_rds,gmid15_rds,gmid10_gmrds,gmid15_gmrds,gmid10_gmrds_db,gmid15_gmrds_db,name,type,time,OK
0,11.402859999999999,2.752441,-1186.559,-1060.879,1030.932,1030.932,175.48059999999998,96.23745,7.418823,34.834399999999995,736.0596,901.979,57.30696,59.10389,dc_SchGtKttTtVt,Sch,Wed May 31 21:13:12 2023,True
