,gmid10_id,gmid15_id,gmid10_vgs,gmid15_vgs,gmid10_vth,gmid15_vth,gmid10_vdsat,gmid15_vdsat,gmid10_rds,gmid15_rds,gmid10_gmrds,gmid15_gmrds,gmid10_gmrds_db,gmid15_gmrds_db,name,type,time,OK
0,31.087010000000003,8.889244,839.4196000000001,728.6372,710.399,710.3981,133.0552,79.4427,0.23363599999999998,0.6623183,61.17034,63.3682,35.72382,36.0374,dc_SchGtKttTtVt,Sch,Mon May 29 23:06:26 2023,True
